prop_id,shape,caliper_length_mm,caliper_width_mm,caliper_height_mm,caliper_diameter_mm,heat_id,expected_status
PROP-01,square,1001.2,130.1,129.9,,H123456,PASS
PROP-02,square,998.7,130.3,130.2,,H123457,PASS
PROP-03,square,1002.5,129.8,130.0,,H123458,PASS
PROP-04,square,1000.1,131.8,130.1,,H123459,FAIL
PROP-05,square,999.4,129.9,130.2,,H123460,PASS
PROP-06,square,1003.0,128.2,129.8,,H123461,FAIL
PROP-07,round,1000.8,,,150.2,H223451,PASS
PROP-08,round,1001.5,,,149.8,H223452,PASS
PROP-09,round,999.2,,,152.1,H223453,FAIL
PROP-10,square,1000.5,130.0,130.1,,H123462,PASS
PROP-11,square,998.9,130.2,129.8,,H123463,PASS
PROP-12,round,1002.1,,,150.1,H223454,PASS
